{
  "learned": [
    {
      "disturbance_force": 0.0,
      "n": 64,
      "collision_rate": 0.0,
      "reach_rate": 1.0,
      "fall_rate": 0.0,
      "min_h_mean": 0.03416011109948158,
      "intervention_mean": 497.9845886230469,
      "phi_mean": 0.3348076641559601,
      "phi_std": 0.4503251612186432,
      "phi_p05": 0.0,
      "phi_p50": 0.0,
      "phi_p95": 1.0,
      "alpha_mean": 2.9191017150878906,
      "alpha_std": 1.4655176401138306,
      "alpha_p05": 0.20000000298023224,
      "alpha_p50": 4.0,
      "alpha_p95": 4.0
    },
    {
      "disturbance_force": 15.0,
      "n": 64,
      "collision_rate": 0.1875,
      "reach_rate": 1.0,
      "fall_rate": 0.0,
      "min_h_mean": 0.016431575641036034,
      "intervention_mean": 503.8681640625,
      "phi_mean": 0.3399401307106018,
      "phi_std": 0.45062321424484253,
      "phi_p05": 0.0,
      "phi_p50": 0.0,
      "phi_p95": 1.0,
      "alpha_mean": 2.8733630180358887,
      "alpha_std": 1.512938380241394,
      "alpha_p05": 0.20000000298023224,
      "alpha_p50": 4.0,
      "alpha_p95": 4.0
    },
    {
      "disturbance_force": 30.0,
      "n": 64,
      "collision_rate": 0.59375,
      "reach_rate": 1.0,
      "fall_rate": 0.0,
      "min_h_mean": 0.0067763663828372955,
      "intervention_mean": 531.2523803710938,
      "phi_mean": 0.3421935439109802,
      "phi_std": 0.45050930976867676,
      "phi_p05": 0.0,
      "phi_p50": 0.0,
      "phi_p95": 1.0,
      "alpha_mean": 2.763241767883301,
      "alpha_std": 1.5811163187026978,
      "alpha_p05": 0.20000000298023224,
      "alpha_p50": 4.0,
      "alpha_p95": 4.0
    },
    {
      "disturbance_force": 45.0,
      "n": 64,
      "collision_rate": 0.8125,
      "reach_rate": 0.953125,
      "fall_rate": 0.0,
      "min_h_mean": -0.001277269795536995,
      "intervention_mean": 617.9368896484375,
      "phi_mean": 0.3770608603954315,
      "phi_std": 0.4611029624938965,
      "phi_p05": 0.0,
      "phi_p50": 0.0,
      "phi_p95": 1.0,
      "alpha_mean": 2.6531412601470947,
      "alpha_std": 1.6371960639953613,
      "alpha_p05": 0.20000000298023224,
      "alpha_p50": 4.0,
      "alpha_p95": 4.0
    }
  ],
  "verdict": "REVIEW",
  "per_d_pass": [
    false,
    true,
    true
  ],
  "train_seconds": 0.0
}