{
  "learned": [
    {
      "disturbance_force": 0.0,
      "n": 64,
      "collision_rate": 0.140625,
      "reach_rate": 0.828125,
      "fall_rate": 0.0,
      "min_h_mean": 0.013348102569580078,
      "intervention_mean": 901.143310546875,
      "phi_mean": 0.24889196455478668,
      "phi_std": 0.41692546010017395,
      "phi_p05": 0.0,
      "phi_p50": 0.0,
      "phi_p95": 1.0,
      "alpha_mean": 1.9661973714828491,
      "alpha_std": 1.826755404472351,
      "alpha_p05": 0.20000000298023224,
      "alpha_p50": 0.8396362066268921,
      "alpha_p95": 4.0
    },
    {
      "disturbance_force": 15.0,
      "n": 64,
      "collision_rate": 0.4375,
      "reach_rate": 0.890625,
      "fall_rate": 0.0,
      "min_h_mean": 0.009631960652768612,
      "intervention_mean": 844.3192138671875,
      "phi_mean": 0.29376378655433655,
      "phi_std": 0.4386591613292694,
      "phi_p05": 0.0,
      "phi_p50": 0.0,
      "phi_p95": 1.0,
      "alpha_mean": 2.1257150173187256,
      "alpha_std": 1.8289333581924438,
      "alpha_p05": 0.20000000298023224,
      "alpha_p50": 2.336982488632202,
      "alpha_p95": 4.0
    },
    {
      "disturbance_force": 30.0,
      "n": 64,
      "collision_rate": 0.75,
      "reach_rate": 0.90625,
      "fall_rate": 0.0,
      "min_h_mean": 0.002712409943342209,
      "intervention_mean": 760.9617919921875,
      "phi_mean": 0.3224126100540161,
      "phi_std": 0.4487859308719635,
      "phi_p05": 0.0,
      "phi_p50": 0.0,
      "phi_p95": 1.0,
      "alpha_mean": 2.1377131938934326,
      "alpha_std": 1.8242993354797363,
      "alpha_p05": 0.20000000298023224,
      "alpha_p50": 2.4283287525177,
      "alpha_p95": 4.0
    },
    {
      "disturbance_force": 45.0,
      "n": 64,
      "collision_rate": 0.9375,
      "reach_rate": 0.71875,
      "fall_rate": 0.0,
      "min_h_mean": -0.0020999163389205933,
      "intervention_mean": 652.2083129882812,
      "phi_mean": 0.3238481283187866,
      "phi_std": 0.4500560760498047,
      "phi_p05": 0.0,
      "phi_p50": 0.0,
      "phi_p95": 1.0,
      "alpha_mean": 2.0780882835388184,
      "alpha_std": 1.8268860578536987,
      "alpha_p05": 0.20000000298023224,
      "alpha_p50": 1.9287643432617188,
      "alpha_p95": 4.0
    }
  ],
  "verdict": "REVIEW",
  "per_d_pass": [
    false,
    false,
    true
  ],
  "train_seconds": 0.0
}