{
  "task": "Isaac-CBF-Go2-RMA-Layer2-v0",
  "checkpoint": "logs/rsl_rl/cbf_go2_teacher_rma/2026-05-14_16-47-34/model_1499.pt",
  "n_envs": 256,
  "n_rollout_steps": 100,
  "alpha_population_mean": 3.2761309146881104,
  "alpha_population_std": 0.6694773435592651,
  "alpha_within_env_std_mean": 1.3655894994735718,
  "correlations_with_alpha": {
    "friction": 0.0676,
    "base_mass": 0.1711,
    "base_height": -0.4584,
    "actuation_noise_sigma": -0.0156,
    "|applied_force|": -0.023,
    "|applied_torque|": -0.0406,
    "|tracking_err|": -0.2044,
    "|com_offset|": 0.133,
    "com_x": -0.1476,
    "com_y": 0.2159,
    "com_z": -0.1215
  },
  "feature_distributions": {
    "friction": {
      "mean": 0.7007,
      "std": 0.2535,
      "min": 0.3146,
      "max": 1.183
    },
    "base_mass": {
      "mean": 0.9642,
      "std": 1.1707,
      "min": -0.9728,
      "max": 2.9588
    },
    "base_height": {
      "mean": 0.215,
      "std": 0.0272,
      "min": 0.1601,
      "max": 0.3039
    },
    "actuation_noise_sigma": {
      "mean": 0.0484,
      "std": 0.0285,
      "min": 0.0001,
      "max": 0.0994
    },
    "|applied_force|": {
      "mean": 9.5222,
      "std": 2.8685,
      "min": 1.24,
      "max": 16.6597
    },
    "|applied_torque|": {
      "mean": 1.8525,
      "std": 0.5609,
      "min": 0.4199,
      "max": 3.2189
    },
    "|tracking_err|": {
      "mean": 0.2521,
      "std": 0.1963,
      "min": 0.0193,
      "max": 1.1234
    },
    "|com_offset|": {
      "mean": 0.0423,
      "std": 0.0132,
      "min": 0.0067,
      "max": 0.073
    }
  }
}