{
  "task": "Isaac-CBF-Go2-RMA-Layer3-TwoStream-V13-v0",
  "checkpoint": "logs/rsl_rl/cbf_go2_teacher_rma/2026-05-20_15-31-52/model_2499.pt",
  "n_envs": 256,
  "n_rollout_steps": 100,
  "n_samples_total": 25600,
  "n_train": 20480,
  "n_test": 5120,
  "z_dim": 16,
  "priv_features": [
    "friction",
    "base_mass",
    "base_height",
    "force_x",
    "force_y",
    "force_z",
    "torque_x",
    "torque_y",
    "torque_z",
    "tracking_x",
    "tracking_y",
    "tracking_z",
    "com_x",
    "com_y",
    "com_z",
    "actuation_noise_sigma"
  ],
  "linear_probe": {
    "friction": {
      "r2_train": 0.5698640463835408,
      "r2_test": 0.5784275816076928,
      "mse_test": 0.027239378861283046,
      "feature_std": 0.2541923522949219
    },
    "base_mass": {
      "r2_train": 0.46929473073367844,
      "r2_test": 0.4612036712502461,
      "mse_test": 0.7438747359214833,
      "feature_std": 1.1749992370605469
    },
    "base_height": {
      "r2_train": 0.769886774005753,
      "r2_test": 0.7708427371633639,
      "mse_test": 7.485987610658152,
      "feature_std": 5.715546131134033
    },
    "force_x": {
      "r2_train": 0.4626124065961521,
      "r2_test": 0.46471783175626513,
      "mse_test": 19.02416806474824,
      "feature_std": 5.961580753326416
    },
    "force_y": {
      "r2_train": 0.6896812797988201,
      "r2_test": 0.6869940849890369,
      "mse_test": 10.283002751397854,
      "feature_std": 5.731703281402588
    },
    "force_z": {
      "r2_train": 0.4546552637409301,
      "r2_test": 0.4539313217997005,
      "mse_test": 0.7687715807646456,
      "feature_std": 1.186519980430603
    },
    "torque_x": {
      "r2_train": 0.5627661371601673,
      "r2_test": 0.56360658945616,
      "mse_test": 0.5400760910567819,
      "feature_std": 1.1124701499938965
    },
    "torque_y": {
      "r2_train": 0.7040106430975952,
      "r2_test": 0.7089616722410903,
      "mse_test": 0.38899950252104765,
      "feature_std": 1.1561106443405151
    },
    "torque_z": {
      "r2_train": 0.606505363153863,
      "r2_test": 0.6141854083041702,
      "mse_test": 0.00031085800734287366,
      "feature_std": 0.028385182842612267
    },
    "tracking_x": {
      "r2_train": 0.7587404229407574,
      "r2_test": 0.7579656279772823,
      "mse_test": 0.00020398471827284408,
      "feature_std": 0.02903088554739952
    },
    "tracking_y": {
      "r2_train": 0.6731010658934962,
      "r2_test": 0.6708362183753052,
      "mse_test": 0.00010199700646442264,
      "feature_std": 0.017603039741516113
    },
    "tracking_z": {
      "r2_train": 0.08949576414952021,
      "r2_test": 0.0793831084215737,
      "mse_test": 6.016431527469867e-05,
      "feature_std": 0.008084069006145
    },
    "com_x": {
      "r2_train": 0.7297165634765692,
      "r2_test": 0.7349023335018638,
      "mse_test": 1.1834384788654506e-05,
      "feature_std": 0.006681437138468027
    },
    "com_y": {
      "r2_train": 0.646426920204089,
      "r2_test": 0.6400287120105624,
      "mse_test": 7.35126264436667e-06,
      "feature_std": 0.0045190490782260895
    },
    "com_z": {
      "r2_train": 0.015139677129479612,
      "r2_test": 0.014775946598249323,
      "mse_test": 0.004453827630214586,
      "feature_std": 0.06723558902740479
    },
    "actuation_noise_sigma": {
      "r2_train": 0.021055816378409586,
      "r2_test": 0.021487195928647895,
      "mse_test": 0.07696800267881053,
      "feature_std": 0.2804605960845947
    }
  }
}