{
  "task": "Isaac-CBF-Go2-RMA-Layer3-TwoStream-V13-1-v0",
  "checkpoint": "logs/rsl_rl/cbf_go2_teacher_rma/2026-05-20_18-25-01/model_2499.pt",
  "n_envs": 256,
  "n_rollout_steps": 100,
  "n_samples_total": 25600,
  "n_train": 20480,
  "n_test": 5120,
  "z_dim": 16,
  "priv_features": [
    "friction",
    "base_mass",
    "base_height",
    "force_x",
    "force_y",
    "force_z",
    "torque_x",
    "torque_y",
    "torque_z",
    "tracking_x",
    "tracking_y",
    "tracking_z",
    "com_x",
    "com_y",
    "com_z",
    "actuation_noise_sigma"
  ],
  "linear_probe": {
    "friction": {
      "r2_train": 0.30728577261221646,
      "r2_test": 0.31149818134260365,
      "mse_test": 0.04448669093820736,
      "feature_std": 0.2541923522949219
    },
    "base_mass": {
      "r2_train": 0.38875573595567636,
      "r2_test": 0.3816072427940831,
      "mse_test": 0.8537674152860856,
      "feature_std": 1.1749992370605469
    },
    "base_height": {
      "r2_train": 0.5907426993001152,
      "r2_test": 0.5913280148069666,
      "mse_test": 13.787578583457506,
      "feature_std": 5.808400630950928
    },
    "force_x": {
      "r2_train": 0.38928175196043346,
      "r2_test": 0.3852920213291221,
      "mse_test": 20.770565765448445,
      "feature_std": 5.8128581047058105
    },
    "force_y": {
      "r2_train": 0.2393279357850514,
      "r2_test": 0.23572029515413695,
      "mse_test": 24.684716076360687,
      "feature_std": 5.683134078979492
    },
    "force_z": {
      "r2_train": 0.5666032879756357,
      "r2_test": 0.5646522897854646,
      "mse_test": 0.5706523583017088,
      "feature_std": 1.1449003219604492
    },
    "torque_x": {
      "r2_train": 0.4191192921799475,
      "r2_test": 0.4304138644180303,
      "mse_test": 0.8053228413120189,
      "feature_std": 1.1890641450881958
    },
    "torque_y": {
      "r2_train": 0.29946186735458247,
      "r2_test": 0.29220531057923205,
      "mse_test": 0.9045850168744799,
      "feature_std": 1.1305012702941895
    },
    "torque_z": {
      "r2_train": 0.6239342705164581,
      "r2_test": 0.6284172484601902,
      "mse_test": 0.00029939114847608785,
      "feature_std": 0.028385182842612267
    },
    "tracking_x": {
      "r2_train": 0.5708365445603676,
      "r2_test": 0.5854404559456167,
      "mse_test": 0.0003493876142241268,
      "feature_std": 0.02903088554739952
    },
    "tracking_y": {
      "r2_train": 0.6281419369906672,
      "r2_test": 0.6174490746065391,
      "mse_test": 0.0001185399226419641,
      "feature_std": 0.017603039741516113
    },
    "tracking_z": {
      "r2_train": 0.10533016675403173,
      "r2_test": 0.10405092828034901,
      "mse_test": 6.141022504900264e-05,
      "feature_std": 0.008279015310108662
    },
    "com_x": {
      "r2_train": 0.5969594613575677,
      "r2_test": 0.5929302959413677,
      "mse_test": 1.6463599870487693e-05,
      "feature_std": 0.006359573919326067
    },
    "com_y": {
      "r2_train": 0.216569507373357,
      "r2_test": 0.2164740076906606,
      "mse_test": 1.4798157178630537e-05,
      "feature_std": 0.004345873836427927
    },
    "com_z": {
      "r2_train": 0.007784600358782812,
      "r2_test": 0.007941349040655132,
      "mse_test": 0.0048916204502653755,
      "feature_std": 0.0702194944024086
    },
    "actuation_noise_sigma": {
      "r2_train": 0.025869051938594456,
      "r2_test": 0.020570884638990816,
      "mse_test": 0.06719163845547957,
      "feature_std": 0.2619214653968811
    }
  }
}