{
  "task": "Isaac-CBF-Go2-RMA-Layer3-RMACanon-V9-v0",
  "checkpoint": "logs/rsl_rl/cbf_go2_teacher_rma/2026-05-19_18-29-46/model_2499.pt",
  "n_envs": 256,
  "n_rollout_steps": 100,
  "n_samples_total": 25600,
  "n_train": 20480,
  "n_test": 5120,
  "z_dim": 16,
  "priv_features": [
    "friction",
    "base_mass",
    "base_height",
    "force_x",
    "force_y",
    "force_z",
    "torque_x",
    "torque_y",
    "torque_z",
    "tracking_x",
    "tracking_y",
    "tracking_z",
    "com_x",
    "com_y",
    "com_z",
    "actuation_noise_sigma"
  ],
  "linear_probe": {
    "friction": {
      "r2_train": 0.26514655950209154,
      "r2_test": 0.27151725016815986,
      "mse_test": 0.047070009210405384,
      "feature_std": 0.2541923522949219
    },
    "base_mass": {
      "r2_train": 0.438576570395518,
      "r2_test": 0.4220750819537811,
      "mse_test": 0.7978965758576029,
      "feature_std": 1.1749992370605469
    },
    "base_height": {
      "r2_train": 0.8846086213945034,
      "r2_test": 0.8858662351694552,
      "mse_test": 0.0005127896105502535,
      "feature_std": 0.0670289695262909
    },
    "force_x": {
      "r2_train": 0.3482976097162799,
      "r2_test": 0.3428235447488718,
      "mse_test": 21.64135334374178,
      "feature_std": 5.738537311553955
    },
    "force_y": {
      "r2_train": 0.3045422885697009,
      "r2_test": 0.29721072844689145,
      "mse_test": 24.899522769258574,
      "feature_std": 5.952274799346924
    },
    "force_z": {
      "r2_train": 0.4979105626875462,
      "r2_test": 0.49267845669425914,
      "mse_test": 16.68619385352461,
      "feature_std": 5.735047340393066
    },
    "torque_x": {
      "r2_train": 0.6972244521382499,
      "r2_test": 0.7026743239111379,
      "mse_test": 0.4184668570941702,
      "feature_std": 1.1863540410995483
    },
    "torque_y": {
      "r2_train": 0.4123359608723459,
      "r2_test": 0.42720196780072583,
      "mse_test": 0.709140467553563,
      "feature_std": 1.112667441368103
    },
    "torque_z": {
      "r2_train": 0.3481960967221167,
      "r2_test": 0.35481798408588827,
      "mse_test": 0.8567625057086264,
      "feature_std": 1.1523624658584595
    },
    "tracking_x": {
      "r2_train": 0.493036709659432,
      "r2_test": 0.49451932605583515,
      "mse_test": 0.00040727520014716535,
      "feature_std": 0.028385182842612267
    },
    "tracking_y": {
      "r2_train": 0.3431624437005356,
      "r2_test": 0.3461613571688239,
      "mse_test": 0.00055105020927068,
      "feature_std": 0.02903088554739952
    },
    "tracking_z": {
      "r2_train": 0.4656514600657272,
      "r2_test": 0.4485095850602395,
      "mse_test": 0.00017088870209242305,
      "feature_std": 0.017603039741516113
    },
    "com_x": {
      "r2_train": 0.0654505870196973,
      "r2_test": 0.061725428433074825,
      "mse_test": 6.160198492393178e-05,
      "feature_std": 0.008102748543024063
    },
    "com_y": {
      "r2_train": 0.0042246453710235166,
      "r2_test": 0.003206248995409111,
      "mse_test": 0.004264694434290481,
      "feature_std": 0.0654095709323883
    },
    "com_z": {
      "r2_train": 0.003947500268426829,
      "r2_test": 0.003974465205106692,
      "mse_test": 0.004068504435631122,
      "feature_std": 0.06391195952892303
    },
    "actuation_noise_sigma": {
      "r2_train": 0.0033870205847845725,
      "r2_test": 0.002731489329604986,
      "mse_test": 0.003493696100248389,
      "feature_std": 0.05918838828802109
    }
  }
}