{
  "task": "Isaac-CBF-Go2-RMA-Layer2-v0",
  "checkpoint": "logs/rsl_rl/cbf_go2_teacher_rma/2026-05-14_16-47-34/model_1499.pt",
  "n_envs": 256,
  "n_rollout_steps": 100,
  "n_samples_total": 25600,
  "n_train": 20480,
  "n_test": 5120,
  "z_dim": 16,
  "priv_features": [
    "friction",
    "base_mass",
    "base_height",
    "force_x",
    "force_y",
    "force_z",
    "torque_x",
    "torque_y",
    "torque_z",
    "tracking_x",
    "tracking_y",
    "tracking_z",
    "com_x",
    "com_y",
    "com_z",
    "actuation_noise_sigma"
  ],
  "linear_probe": {
    "friction": {
      "r2_train": 0.31280232652847595,
      "r2_test": 0.338422731366979,
      "mse_test": 0.0427469945378109,
      "feature_std": 0.2541923522949219
    },
    "base_mass": {
      "r2_train": 0.5350998423782766,
      "r2_test": 0.543836017699479,
      "mse_test": 0.6297905976050088,
      "feature_std": 1.1749992370605469
    },
    "base_height": {
      "r2_train": 0.8946354566469673,
      "r2_test": 0.8945178582532609,
      "mse_test": 0.0004983384675839087,
      "feature_std": 0.06873417645692825
    },
    "force_x": {
      "r2_train": 0.49521995633088,
      "r2_test": 0.5093989552209086,
      "mse_test": 17.422029427219545,
      "feature_std": 5.959161281585693
    },
    "force_y": {
      "r2_train": 0.49974015317302445,
      "r2_test": 0.4980615379878123,
      "mse_test": 15.193713089103095,
      "feature_std": 5.501824378967285
    },
    "force_z": {
      "r2_train": 0.5133522161245312,
      "r2_test": 0.49440935616074144,
      "mse_test": 16.11161760967421,
      "feature_std": 5.645079612731934
    },
    "torque_x": {
      "r2_train": 0.4397847404167555,
      "r2_test": 0.44531295297234996,
      "mse_test": 0.7039758655440763,
      "feature_std": 1.1265614032745361
    },
    "torque_y": {
      "r2_train": 0.3410403103283659,
      "r2_test": 0.34872674132817716,
      "mse_test": 0.8741688383514685,
      "feature_std": 1.1585533618927002
    },
    "torque_z": {
      "r2_train": 0.5114623344347432,
      "r2_test": 0.5041756919337219,
      "mse_test": 0.5936640410852069,
      "feature_std": 1.0942245721817017
    },
    "tracking_x": {
      "r2_train": 0.6078606929405501,
      "r2_test": 0.609699577819673,
      "mse_test": 0.030399595989542522,
      "feature_std": 0.27908363938331604
    },
    "tracking_y": {
      "r2_train": 0.3582663523520072,
      "r2_test": 0.3572116389921389,
      "mse_test": 0.03729893797383255,
      "feature_std": 0.24088747799396515
    },
    "tracking_z": {
      "r2_train": 0.43107027699850387,
      "r2_test": 0.4499573638412443,
      "mse_test": 0.07814243031647106,
      "feature_std": 0.3769166171550751
    },
    "com_x": {
      "r2_train": 0.7259549225557614,
      "r2_test": 0.7248988205119888,
      "mse_test": 0.00022165414765011786,
      "feature_std": 0.028385182842612267
    },
    "com_y": {
      "r2_train": 0.4313001001779092,
      "r2_test": 0.43645081058685053,
      "mse_test": 0.0004749549482357864,
      "feature_std": 0.02903088554739952
    },
    "com_z": {
      "r2_train": 0.6363277429295136,
      "r2_test": 0.6487652796051464,
      "mse_test": 0.000108836062916212,
      "feature_std": 0.017603039741516113
    },
    "actuation_noise_sigma": {
      "r2_train": 0.3171591349671239,
      "r2_test": 0.3059685412915657,
      "mse_test": 0.0005758664762955548,
      "feature_std": 0.02880522795021534
    }
  }
}