{
  "task": "Isaac-CBF-Go2-RMA-Layer2-v0",
  "checkpoint": "logs/rsl_rl/cbf_go2_teacher_rma/2026-05-14_14-33-00/model_1499.pt",
  "n_envs": 256,
  "n_rollout_steps": 100,
  "n_samples_total": 25600,
  "n_train": 20480,
  "n_test": 5120,
  "z_dim": 16,
  "priv_features": [
    "friction",
    "base_mass",
    "base_height",
    "force_x",
    "force_y",
    "force_z",
    "torque_x",
    "torque_y",
    "torque_z",
    "tracking_x",
    "tracking_y",
    "tracking_z",
    "com_x",
    "com_y",
    "com_z",
    "actuation_noise_sigma"
  ],
  "linear_probe": {
    "friction": {
      "r2_train": 0.4673519141741409,
      "r2_test": 0.4669898790883301,
      "mse_test": 0.03443978777307079,
      "feature_std": 0.2541923522949219
    },
    "base_mass": {
      "r2_train": 0.6984116117254648,
      "r2_test": 0.6881471691135687,
      "mse_test": 0.4305512674154744,
      "feature_std": 1.1749992370605469
    },
    "base_height": {
      "r2_train": 0.7388922467884823,
      "r2_test": 0.7348504404663139,
      "mse_test": 0.0012506009832246832,
      "feature_std": 0.06867741793394089
    },
    "force_x": {
      "r2_train": 0.34497067503737033,
      "r2_test": 0.34555208931427717,
      "mse_test": 23.350540877058037,
      "feature_std": 5.97325325012207
    },
    "force_y": {
      "r2_train": 0.4504059655929977,
      "r2_test": 0.44250182535052884,
      "mse_test": 16.911571360308795,
      "feature_std": 5.507699966430664
    },
    "force_z": {
      "r2_train": 0.43353123416318695,
      "r2_test": 0.44268495421941956,
      "mse_test": 17.844687594817096,
      "feature_std": 5.658535957336426
    },
    "torque_x": {
      "r2_train": 0.5996662680521669,
      "r2_test": 0.5832542597287311,
      "mse_test": 0.5290555250386335,
      "feature_std": 1.1267175674438477
    },
    "torque_y": {
      "r2_train": 0.34747361277148703,
      "r2_test": 0.3438564528702728,
      "mse_test": 0.88249178296808,
      "feature_std": 1.1597273349761963
    },
    "torque_z": {
      "r2_train": 0.44446582630390663,
      "r2_test": 0.44657051321986596,
      "mse_test": 0.6679265664672837,
      "feature_std": 1.0985838174819946
    },
    "tracking_x": {
      "r2_train": 0.4181063830991182,
      "r2_test": 0.424436903312442,
      "mse_test": 0.035974896003190406,
      "feature_std": 0.25000765919685364
    },
    "tracking_y": {
      "r2_train": 0.153316407834586,
      "r2_test": 0.15977132877836564,
      "mse_test": 0.04921865673981256,
      "feature_std": 0.24202829599380493
    },
    "tracking_z": {
      "r2_train": 0.19495247520058478,
      "r2_test": 0.19966646003884347,
      "mse_test": 0.1204478694470235,
      "feature_std": 0.38793954253196716
    },
    "com_x": {
      "r2_train": 0.3800016878011504,
      "r2_test": 0.36161537316019277,
      "mse_test": 0.0005143583920594662,
      "feature_std": 0.028385182842612267
    },
    "com_y": {
      "r2_train": 0.48306667313591367,
      "r2_test": 0.4972603870351402,
      "mse_test": 0.00042370510212330506,
      "feature_std": 0.02903088554739952
    },
    "com_z": {
      "r2_train": 0.4977409894476298,
      "r2_test": 0.5067076790797784,
      "mse_test": 0.0001528550310043441,
      "feature_std": 0.017603039741516113
    },
    "actuation_noise_sigma": {
      "r2_train": 0.4155349534415059,
      "r2_test": 0.42059054397859097,
      "mse_test": 0.0004801791454627197,
      "feature_std": 0.028787825256586075
    }
  }
}