{
  "task": "Isaac-CBF-Go2-RMA-Layer2-v0",
  "checkpoint": "logs/rsl_rl/cbf_go2_teacher_rma/2026-05-14_00-24-44/model_1499.pt",
  "n_envs": 256,
  "n_rollout_steps": 100,
  "n_samples_total": 25600,
  "n_train": 20480,
  "n_test": 5120,
  "z_dim": 16,
  "priv_features": [
    "friction",
    "base_mass",
    "base_height",
    "force_x",
    "force_y",
    "force_z",
    "torque_x",
    "torque_y",
    "torque_z",
    "tracking_x",
    "tracking_y",
    "tracking_z",
    "com_x",
    "com_y",
    "com_z",
    "actuation_noise_sigma"
  ],
  "linear_probe": {
    "friction": {
      "r2_train": 0.052844569028443034,
      "r2_test": 0.043668349212952595,
      "mse_test": 0.06179218330309053,
      "feature_std": 0.2541923522949219
    },
    "base_mass": {
      "r2_train": 0.545654362135192,
      "r2_test": 0.5342999003105848,
      "mse_test": 0.6429563829414463,
      "feature_std": 1.1749992370605469
    },
    "base_height": {
      "r2_train": 0.03669889125305903,
      "r2_test": 0.028804986895650586,
      "mse_test": 0.004511573151249386,
      "feature_std": 0.06815704703330994
    },
    "force_x": {
      "r2_train": 0.9420003793549911,
      "r2_test": 0.9396985861386544,
      "mse_test": 2.1463212451978673,
      "feature_std": 5.966004848480225
    },
    "force_y": {
      "r2_train": 0.9018497142833903,
      "r2_test": 0.8982549469330846,
      "mse_test": 3.104674469929091,
      "feature_std": 5.523971080780029
    },
    "force_z": {
      "r2_train": 0.555185479341072,
      "r2_test": 0.5417677668396738,
      "mse_test": 14.731577563895746,
      "feature_std": 5.669983863830566
    },
    "torque_x": {
      "r2_train": 0.7493233273298923,
      "r2_test": 0.7498123157767161,
      "mse_test": 0.31749760924477577,
      "feature_std": 1.1265157461166382
    },
    "torque_y": {
      "r2_train": 0.8084595810112232,
      "r2_test": 0.8148469996006928,
      "mse_test": 0.2500674400542269,
      "feature_std": 1.1621527671813965
    },
    "torque_z": {
      "r2_train": 0.45966697106575416,
      "r2_test": 0.4539580751786605,
      "mse_test": 0.6581231621976924,
      "feature_std": 1.097843885421753
    },
    "tracking_x": {
      "r2_train": 0.6757986130325675,
      "r2_test": 0.6677761507720235,
      "mse_test": 0.017159797331751138,
      "feature_std": 0.227269247174263
    },
    "tracking_y": {
      "r2_train": 0.17129246093311556,
      "r2_test": 0.1897817772606747,
      "mse_test": 0.04679111535232623,
      "feature_std": 0.24031490087509155
    },
    "tracking_z": {
      "r2_train": 0.39382068557304195,
      "r2_test": 0.39664881901417814,
      "mse_test": 0.07879843348971043,
      "feature_std": 0.3613879680633545
    },
    "com_x": {
      "r2_train": 0.03823871242460497,
      "r2_test": 0.03611632942226961,
      "mse_test": 0.0007766190382512866,
      "feature_std": 0.028385182842612267
    },
    "com_y": {
      "r2_train": 0.05866207708754867,
      "r2_test": 0.06095213400868538,
      "mse_test": 0.0007914223619898684,
      "feature_std": 0.02903088554739952
    },
    "com_z": {
      "r2_train": 0.06058258572159836,
      "r2_test": 0.06977620888706904,
      "mse_test": 0.0002882456920600258,
      "feature_std": 0.017603039741516113
    },
    "actuation_noise_sigma": {
      "r2_train": 0.030490816147150768,
      "r2_test": 0.02696013098082406,
      "mse_test": 0.0008003033163615674,
      "feature_std": 0.02867886610329151
    }
  }
}