{
  "task": "Isaac-CBF-Go2-RMA-Layer2-v0",
  "checkpoint": "logs/rsl_rl/cbf_go2_teacher_rma/2026-05-14_19-08-03/model_1499.pt",
  "n_envs": 256,
  "n_rollout_steps": 100,
  "n_samples_total": 25600,
  "n_train": 20480,
  "n_test": 5120,
  "z_dim": 16,
  "priv_features": [
    "friction",
    "base_mass",
    "base_height",
    "force_x",
    "force_y",
    "force_z",
    "torque_x",
    "torque_y",
    "torque_z",
    "tracking_x",
    "tracking_y",
    "tracking_z",
    "com_x",
    "com_y",
    "com_z",
    "actuation_noise_sigma"
  ],
  "linear_probe": {
    "friction": {
      "r2_train": 0.657030911756999,
      "r2_test": 0.6531690140071243,
      "mse_test": 0.022410053922219998,
      "feature_std": 0.2541923522949219
    },
    "base_mass": {
      "r2_train": 0.33346353713159105,
      "r2_test": 0.3357268280225474,
      "mse_test": 0.9171109824208864,
      "feature_std": 1.1749992370605469
    },
    "base_height": {
      "r2_train": 0.8002027475026875,
      "r2_test": 0.7873158817853375,
      "mse_test": 0.000976782925586727,
      "feature_std": 0.06776906549930573
    },
    "force_x": {
      "r2_train": 0.6211902015047122,
      "r2_test": 0.6120715895833083,
      "mse_test": 13.867339679288552,
      "feature_std": 5.978892803192139
    },
    "force_y": {
      "r2_train": 0.5013335860628115,
      "r2_test": 0.5046702526000539,
      "mse_test": 15.000298330987324,
      "feature_std": 5.503040790557861
    },
    "force_z": {
      "r2_train": 0.5105379239178857,
      "r2_test": 0.4873306621202368,
      "mse_test": 16.499184982677967,
      "feature_std": 5.67299747467041
    },
    "torque_x": {
      "r2_train": 0.6754797289911587,
      "r2_test": 0.6751279191597033,
      "mse_test": 0.4094288685712444,
      "feature_std": 1.122620701789856
    },
    "torque_y": {
      "r2_train": 0.561032827338739,
      "r2_test": 0.575633755741397,
      "mse_test": 0.5724394579284778,
      "feature_std": 1.1614335775375366
    },
    "torque_z": {
      "r2_train": 0.25459120211258657,
      "r2_test": 0.2702266933466855,
      "mse_test": 0.8740124116476696,
      "feature_std": 1.0943716764450073
    },
    "tracking_x": {
      "r2_train": 0.6624584543292672,
      "r2_test": 0.66993866974996,
      "mse_test": 0.028123692292167567,
      "feature_std": 0.29190319776535034
    },
    "tracking_y": {
      "r2_train": 0.2632344052087793,
      "r2_test": 0.2633089917958028,
      "mse_test": 0.04947361137075831,
      "feature_std": 0.2591457664966583
    },
    "tracking_z": {
      "r2_train": 0.356927149487441,
      "r2_test": 0.365587865161202,
      "mse_test": 0.09354398234023917,
      "feature_std": 0.3839920163154602
    },
    "com_x": {
      "r2_train": 0.5110178103524582,
      "r2_test": 0.5175287992383283,
      "mse_test": 0.0003887360387533988,
      "feature_std": 0.028385182842612267
    },
    "com_y": {
      "r2_train": 0.5392741054173769,
      "r2_test": 0.533330302113716,
      "mse_test": 0.0003933056534667394,
      "feature_std": 0.02903088554739952
    },
    "com_z": {
      "r2_train": 0.5506441750112255,
      "r2_test": 0.5484882811053089,
      "mse_test": 0.00013990859955355844,
      "feature_std": 0.017603039741516113
    },
    "actuation_noise_sigma": {
      "r2_train": 0.34768669325501556,
      "r2_test": 0.33551534535696015,
      "mse_test": 0.0005496757314242646,
      "feature_std": 0.028761452063918114
    }
  }
}