{
  "task": "Isaac-CBF-Go2-RMA-Layer2-v0",
  "checkpoint": "logs/rsl_rl/cbf_go2_teacher_rma/2026-05-14_10-09-27/model_1499.pt",
  "n_envs": 256,
  "n_rollout_steps": 100,
  "n_samples_total": 25600,
  "n_train": 20480,
  "n_test": 5120,
  "z_dim": 16,
  "priv_features": [
    "friction",
    "base_mass",
    "base_height",
    "force_x",
    "force_y",
    "force_z",
    "torque_x",
    "torque_y",
    "torque_z",
    "tracking_x",
    "tracking_y",
    "tracking_z",
    "com_x",
    "com_y",
    "com_z",
    "actuation_noise_sigma"
  ],
  "linear_probe": {
    "friction": {
      "r2_train": 0.11801412752907836,
      "r2_test": 0.1150911881581137,
      "mse_test": 0.05717728516341862,
      "feature_std": 0.2541923522949219
    },
    "base_mass": {
      "r2_train": 0.5700154846878784,
      "r2_test": 0.5650626551226202,
      "mse_test": 0.6004846085603545,
      "feature_std": 1.1749992370605469
    },
    "base_height": {
      "r2_train": 0.03691541187980929,
      "r2_test": 0.02748509359697615,
      "mse_test": 0.004607732186049677,
      "feature_std": 0.06883280724287033
    },
    "force_x": {
      "r2_train": 0.745936260117007,
      "r2_test": 0.7510236974334821,
      "mse_test": 8.909576869090964,
      "feature_std": 5.982043266296387
    },
    "force_y": {
      "r2_train": 0.8016689565508102,
      "r2_test": 0.7956860206900823,
      "mse_test": 6.227503557328795,
      "feature_std": 5.520875453948975
    },
    "force_z": {
      "r2_train": 0.9431467455453416,
      "r2_test": 0.940882462197311,
      "mse_test": 1.8943806174355529,
      "feature_std": 5.660768985748291
    },
    "torque_x": {
      "r2_train": 0.750447008959236,
      "r2_test": 0.7486516091260703,
      "mse_test": 0.3176857496539828,
      "feature_std": 1.1242445707321167
    },
    "torque_y": {
      "r2_train": 0.5769143071421974,
      "r2_test": 0.581771578031208,
      "mse_test": 0.5616231491071172,
      "feature_std": 1.158819317817688
    },
    "torque_z": {
      "r2_train": 0.8097065568543828,
      "r2_test": 0.8111471102952015,
      "mse_test": 0.22683685504325943,
      "feature_std": 1.0959607362747192
    },
    "tracking_x": {
      "r2_train": 0.6586478859123868,
      "r2_test": 0.6708346100386693,
      "mse_test": 0.017927732620668935,
      "feature_std": 0.233375683426857
    },
    "tracking_y": {
      "r2_train": 0.045834939807899766,
      "r2_test": 0.03375083187532091,
      "mse_test": 0.05604346953363952,
      "feature_std": 0.2408340722322464
    },
    "tracking_z": {
      "r2_train": 0.3360895378767006,
      "r2_test": 0.3260911189329664,
      "mse_test": 0.10271687582171836,
      "feature_std": 0.3904094398021698
    },
    "com_x": {
      "r2_train": 0.04869207913249396,
      "r2_test": 0.0422196886157864,
      "mse_test": 0.0019755555926896833,
      "feature_std": 0.04541629180312157
    },
    "com_y": {
      "r2_train": 0.0449684814572594,
      "r2_test": 0.044968183876814116,
      "mse_test": 0.0020605272295098898,
      "feature_std": 0.046449415385723114
    },
    "com_z": {
      "r2_train": 0.024062380627127844,
      "r2_test": 0.021156816111572163,
      "mse_test": 0.0008425313622321701,
      "feature_std": 0.029338404536247253
    },
    "actuation_noise_sigma": {
      "r2_train": 0.06796575645268821,
      "r2_test": 0.06046601359501391,
      "mse_test": 0.003095748988721482,
      "feature_std": 0.05740194767713547
    }
  }
}